<?xml version="1.0"?>
<Index Version="1" Minor="0">
	<Repository value="/root/Desktop/fpga/23-12-11-cspfb-snap-pps-bitsmp31_8224_fifo/cspfb_gitee/23-12-5-cspfb-add-snap-pps-bitsmp16_8224_fifo/ip_repo">
	</Repository>
	<IP>
		<VLNV value="xilinx.com:user:gsc_VDIF_PPS:1.0">
		</VLNV>
		<DisplayName value="gsc_VDIF_PPS">
		</DisplayName>
		<Description value="gsc_VDIF_PPS">
		</Description>
		<CoreRevision value="4">
		</CoreRevision>
		<ComponentPath value="gsc_VDIF_PPS_1.0/component.xml">
		</ComponentPath>
		<Families>
			<Family name="zynquplus">
				<Part status="Pre-Production" name="ALL">
				</Part>
			</Family>
		</Families>
		<Taxonomies>
			<Taxonomy value="AXI_Peripheral">
			</Taxonomy>
		</Taxonomies>
		<Interfaces>
			<Interface value="AXI4">
			</Interface>
		</Interfaces>
	</IP>
	<IP>
		<VLNV value="xilinx.com:user:gsc_VDIF_Ctrl:1.0">
		</VLNV>
		<DisplayName value="gsc_VDIF_Ctrl">
		</DisplayName>
		<Description value="gsc_VDIF_Ctrl">
		</Description>
		<CoreRevision value="3">
		</CoreRevision>
		<ComponentPath value="gsc_VDIF_Ctrl_1.0/component.xml">
		</ComponentPath>
		<Families>
			<Family name="zynquplus">
				<Part status="Pre-Production" name="ALL">
				</Part>
			</Family>
		</Families>
		<Taxonomies>
			<Taxonomy value="AXI_Peripheral">
			</Taxonomy>
		</Taxonomies>
		<Interfaces>
			<Interface value="AXI4">
			</Interface>
		</Interfaces>
	</IP>
	<IP>
		<VLNV value="xilinx.com:user:gsc_snapshot_ctrl:1.0">
		</VLNV>
		<DisplayName value="gsc_snapshot_ctrl">
		</DisplayName>
		<Description value="My new AXI IP">
		</Description>
		<CoreRevision value="2">
		</CoreRevision>
		<ComponentPath value="gsc_snapshot_ctrl_1.0/component.xml">
		</ComponentPath>
		<Families>
			<Family name="zynquplus">
				<Part status="Pre-Production" name="ALL">
				</Part>
			</Family>
		</Families>
		<Taxonomies>
			<Taxonomy value="AXI_Peripheral">
			</Taxonomy>
		</Taxonomies>
		<Interfaces>
			<Interface value="AXI4">
			</Interface>
		</Interfaces>
	</IP>
	<IP>
		<VLNV value="xilinx.com:user:gsc_Ethernet_VDIF_och:1.0">
		</VLNV>
		<DisplayName value="gsc_Ethernet_VDIF_och">
		</DisplayName>
		<Description value="gsc_Ethernet_VDIF_och">
		</Description>
		<CoreRevision value="17">
		</CoreRevision>
		<ComponentPath value="gsc_Ethernet_VDIF_och/component.xml">
		</ComponentPath>
		<Families>
			<Family name="zynquplus">
				<Part status="Production" name="ALL">
				</Part>
			</Family>
		</Families>
		<Taxonomies>
			<Taxonomy value="/UserIP">
			</Taxonomy>
		</Taxonomies>
		<SubcoreVLNVs>
			<SubcoreVLNV value="xilinx.com:ip:fifo_generator:13.2">
			</SubcoreVLNV>
		</SubcoreVLNVs>
	</IP>
	<IP>
		<VLNV value="xilinx.com:user:gsc_DFT20P_k:1.0">
		</VLNV>
		<DisplayName value="gsc_DFT20P_k">
		</DisplayName>
		<Description value="gsc_DFT20P_k">
		</Description>
		<CoreRevision value="2">
		</CoreRevision>
		<ComponentPath value="gsc_DFT20P_k/component.xml">
		</ComponentPath>
		<Families>
			<Family name="zynquplus">
				<Part status="Production" name="ALL">
				</Part>
			</Family>
		</Families>
		<Taxonomies>
			<Taxonomy value="/UserIP">
			</Taxonomy>
		</Taxonomies>
		<SubcoreVLNVs>
			<SubcoreVLNV value="xilinx.com:user:gsc_DFT5P_k:1.0">
			</SubcoreVLNV>
		</SubcoreVLNVs>
	</IP>
	<IP>
		<VLNV value="xilinx.com:user:gsc_VDIF_gain_channel:1.0">
		</VLNV>
		<DisplayName value="gsc_VDIF_gain_channel">
		</DisplayName>
		<Description value="gsc_VDIF_gain_channel">
		</Description>
		<CoreRevision value="1">
		</CoreRevision>
		<ComponentPath value="gsc_VDIF_gain_1.0/component.xml">
		</ComponentPath>
		<Families>
			<Family name="zynquplus">
				<Part status="Pre-Production" name="ALL">
				</Part>
			</Family>
		</Families>
		<Taxonomies>
			<Taxonomy value="AXI_Peripheral">
			</Taxonomy>
		</Taxonomies>
		<UpgradesFrom>
			<Upgrade value="xilinx.com:user:gsc_VDIF_gain:1.0">
			</Upgrade>
		</UpgradesFrom>
		<Interfaces>
			<Interface value="AXI4">
			</Interface>
		</Interfaces>
	</IP>
	<IP>
		<VLNV value="xilinx.com:user:gsc_DFT5P_k:1.0">
		</VLNV>
		<DisplayName value="gsc_DFT5P_k">
		</DisplayName>
		<Description value="gsc_DFT5P_k">
		</Description>
		<CoreRevision value="2">
		</CoreRevision>
		<ComponentPath value="gsc_DFT5P_k/component.xml">
		</ComponentPath>
		<Families>
			<Family name="zynquplus">
				<Part status="Production" name="ALL">
				</Part>
			</Family>
		</Families>
		<Taxonomies>
			<Taxonomy value="/UserIP">
			</Taxonomy>
		</Taxonomies>
		<SubcoreVLNVs>
			<SubcoreVLNV value="xilinx.com:ip:cmpy:6.0">
			</SubcoreVLNV>
			<SubcoreVLNV value="xilinx.com:ip:xlconstant:1.1">
			</SubcoreVLNV>
		</SubcoreVLNVs>
	</IP>
	<IP>
		<VLNV value="xilinx.com:user:gsc_DFT_20P:1.0">
		</VLNV>
		<DisplayName value="gsc_DFT_20P_v1_0">
		</DisplayName>
		<Description value="gsc_DFT_20P_v1_0">
		</Description>
		<CoreRevision value="4">
		</CoreRevision>
		<ComponentPath value="gsc_DFT_20P/component.xml">
		</ComponentPath>
		<Families>
			<Family name="zynquplus">
				<Part status="Production" name="ALL">
				</Part>
			</Family>
		</Families>
		<Taxonomies>
			<Taxonomy value="/UserIP">
			</Taxonomy>
		</Taxonomies>
		<SubcoreVLNVs>
			<SubcoreVLNV value="xilinx.com:user:gsc_DFT_5P:1.0">
			</SubcoreVLNV>
		</SubcoreVLNVs>
	</IP>
	<IP>
		<VLNV value="xilinx.com:user:gsc_DFT_5P:1.0">
		</VLNV>
		<DisplayName value="gsc_DFT_5P_v1_0">
		</DisplayName>
		<Description value="gsc_DFT_5P_v1_0">
		</Description>
		<CoreRevision value="2">
		</CoreRevision>
		<ComponentPath value="gsc_DFT_5P/component.xml">
		</ComponentPath>
		<Families>
			<Family name="zynquplus">
				<Part status="Production" name="ALL">
				</Part>
			</Family>
		</Families>
		<Taxonomies>
			<Taxonomy value="/UserIP">
			</Taxonomy>
		</Taxonomies>
		<SubcoreVLNVs>
			<SubcoreVLNV value="xilinx.com:ip:cmpy:6.0">
			</SubcoreVLNV>
			<SubcoreVLNV value="xilinx.com:ip:xlconstant:1.1">
			</SubcoreVLNV>
		</SubcoreVLNVs>
	</IP>
	<IP>
		<VLNV value="xilinx.com:user:ADC_REF_CTRL:1.0">
		</VLNV>
		<DisplayName value="ADC_REF_CTRL_v1.0">
		</DisplayName>
		<Description value="My new AXI IP">
		</Description>
		<CoreRevision value="4">
		</CoreRevision>
		<ComponentPath value="ADC_REF_CTRL_1.0/component.xml">
		</ComponentPath>
		<Families>
			<Family name="zynquplus">
				<Part status="Pre-Production" name="ALL">
				</Part>
			</Family>
		</Families>
		<Taxonomies>
			<Taxonomy value="AXI_Peripheral">
			</Taxonomy>
		</Taxonomies>
		<Interfaces>
			<Interface value="AXI4">
			</Interface>
		</Interfaces>
	</IP>
</Index>

